,Temperature_C,Precipitation_mm,WindSpeed_kmh,DayOfYear
count,365.0,365.0,365.0,365.0
mean,13.915750032022284,3.48414620633777,11.112358789474158,183.0
std,5.7186110929473255,3.0064205168179794,2.319492077042146,105.5106629682517
min,-1.2063367003453642,0.013928352199028654,3.0383823424798324,1.0
25%,10.08600134517832,1.343429926739466,9.586865663137342,92.0
50%,14.053176215278942,2.714457972266837,11.061600779372467,183.0
75%,17.852993342965796,4.808630335213785,12.647749607574426,274.0
max,29.26365745327361,18.804244845452278,18.930020703441443,365.0
